WaterQualityID,StationCode,StationName,TargetLatitude,TargetLongitude,Region,SampleDate,"Arsenic, Total","Cadmium, Total","Chromium, Total","Nitrogen, Total, Total","Oxygen, Dissolved, Total","Phosphorus as P, Total","Total Organic Carbon, Total","Turbidity, Total",pH,geometry,index_right,FIRE_NAME,ALARM_DATE,GIS_ACRES,days_since_fire
483,105DLCDCC,Dillon Creek at Dillon Cr. Cmp.,41.57269,-123.54353,1,2009-05-19,,,,0.0956,11.29,0.009,,0.75,8.0,POINT (-123.54353 41.57269),5717,MILL,2008-06-20,65882.04,333.0
822,105PS0090,"Salmon River, SF above Grizzly Creek",41.07997709,-123.0291124,1,2022-06-22,,,,,9.94,,,0.32,8.1,POINT (-123.0291124 41.07997709),1147,RIVER COMPLEX,2021-07-31,199354.1,326.0
839,105PS0259,St. Claire Creek above SF Salmon River,41.1406891,-123.172734,1,2022-06-23,,,,,9.04,,,1.91,8.3,POINT (-123.172734 41.1406891),1147,RIVER COMPLEX,2021-07-31,199354.1,327.0
1283,106MNCAHC,Miner's Creek,40.638,-123.321,1,2008-10-01,,,,,13.94,0.0367,,0.85,8.1,POINT (-123.321 40.638),5732,MINERS,2008-06-21,24876.34,102.0
1734,111CBCANF,Corbin Creek ~0.1mi above NF,39.5498,-122.7312,1,2021-08-02,,,,,6.1,0.07,,1.1,,POINT (-122.7312 39.5498),1532,AUGUST COMPLEX,2020-08-16,1.0326996e+06,351.0
1742,111CE0551,Bear Creek below FS road 17NO2,39.35314,-122.77651,1,2018-10-31,,,,-0.005,,0.016,,,,POINT (-122.77651 39.35314),2354,RANCH,2018-07-27,410202.47,96.0
1995,111FS0008,Blue Slides Creek above Bear Cr.,39.319333,-122.8453617,1,2018-10-29,,,,0.14,,0.051,,,,POINT (-122.8453617 39.319333),2354,RANCH,2018-07-27,410202.47,94.0
2537,111WER159,Copper Butte Creek ~0.5mi above Eel River,39.42944444,-122.8444444,1,2018-11-06,,,,0.03,12.2,0.045,,0.76,8.8,POINT (-122.8444444 39.42944444),2354,RANCH,2018-07-27,410202.47,102.0
6779,206SON300,Sonoma Creek below Adobe Cyn. Rd.,38.44264,-122.53139,2,2021-04-12,,,,,,0.08,,1.54,8.3,POINT (-122.53139 38.44264),1545,GLASS,2020-09-27,67484.41,197.0
6771,206SON300,Sonoma Creek below Adobe Cyn. Rd.,38.44264,-122.53139,2,2021-05-10,,,,,8.42,,,0.47,8.4,POINT (-122.53139 38.44264),1545,GLASS,2020-09-27,67484.41,225.0
6783,206SON300,Sonoma Creek below Adobe Cyn. Rd.,38.44264,-122.53139,2,2021-06-14,,,,,8.07,0.04,,0.3,8.5,POINT (-122.53139 38.44264),1545,GLASS,2020-09-27,67484.41,260.0
6773,206SON300,Sonoma Creek below Adobe Cyn. Rd.,38.44264,-122.53139,2,2021-07-28,,,,,6.34,0.07,,0.26,8.1,POINT (-122.53139 38.44264),1545,GLASS,2020-09-27,67484.41,304.0
6784,206SON300,Sonoma Creek below Adobe Cyn. Rd.,38.44264,-122.53139,2,2021-08-26,,,,,8.57,0.1,,0.3,8.6,POINT (-122.53139 38.44264),1545,GLASS,2020-09-27,67484.41,333.0
11652,308BSU,Big Sur River at Peiffer Big Sur State Park USGS gauge,36.24579398,-121.772225,3,2009-01-13,,,,0.22,11.46,0.024,,3.8,8.78,POINT (-121.772225 36.24579398),5715,GALLERY,2008-06-21,163606.69,206.0
11631,308BSU,Big Sur River at Peiffer Big Sur State Park USGS gauge,36.24579398,-121.772225,3,2009-02-10,,,,0.63,12.52,0.045,,0.0,,POINT (-121.772225 36.24579398),5715,GALLERY,2008-06-21,163606.69,234.0
11660,308BSU,Big Sur River at Peiffer Big Sur State Park USGS gauge,36.24579398,-121.772225,3,2009-03-11,,,,0.402,11.96,,,4.3,8.09,POINT (-121.772225 36.24579398),5715,GALLERY,2008-06-21,163606.69,263.0
11661,308BSU,Big Sur River at Peiffer Big Sur State Park USGS gauge,36.24579398,-121.772225,3,2009-06-09,,,,0.04,,0.22,,0.0,8.18,POINT (-121.772225 36.24579398),5715,GALLERY,2008-06-21,163606.69,353.0
11765,308LIM,Limekiln Creek @ Limekiln State Park,36.00924898,-121.517519,3,2009-01-14,,,,0.251,9.86,,,4.9,8.17,POINT (-121.517519 36.00924898),5735,CHALK,2008-09-27,16265.7705,109.0
11736,308LIM,Limekiln Creek @ Limekiln State Park,36.00924898,-121.517519,3,2009-02-11,,,,0.32,11.27,,,7.5,,POINT (-121.517519 36.00924898),5735,CHALK,2008-09-27,16265.7705,137.0
11757,308LIM,Limekiln Creek @ Limekiln State Park,36.00924898,-121.517519,3,2009-03-11,,,,0.401,11.32,0.34,,27.9,8.3,POINT (-121.517519 36.00924898),5735,CHALK,2008-09-27,16265.7705,165.0
11739,308LIM,Limekiln Creek @ Limekiln State Park,36.00924898,-121.517519,3,2009-04-27,,,,,11.35,,,6.0,,POINT (-121.517519 36.00924898),5735,CHALK,2008-09-27,16265.7705,212.0
11724,308LIM,Limekiln Creek @ Limekiln State Park,36.00924898,-121.517519,3,2009-04-08,,,,0.32,10.8,0.032,,35.2,8.24,POINT (-121.517519 36.00924898),5735,CHALK,2008-09-27,16265.7705,193.0
11742,308LIM,Limekiln Creek @ Limekiln State Park,36.00924898,-121.517519,3,2009-05-13,,,,0.41,,,,3.6,,POINT (-121.517519 36.00924898),5735,CHALK,2008-09-27,16265.7705,228.0
11759,308LIM,Limekiln Creek @ Limekiln State Park,36.00924898,-121.517519,3,2009-06-09,,,,0.12,10.31,,,0.9,8.23,POINT (-121.517519 36.00924898),5735,CHALK,2008-09-27,16265.7705,255.0
11735,308LIM,Limekiln Creek @ Limekiln State Park,36.00924898,-121.517519,3,2009-07-15,,,,0.11,,,,5.9,8.29,POINT (-121.517519 36.00924898),5735,CHALK,2008-09-27,16265.7705,291.0
11745,308LIM,Limekiln Creek @ Limekiln State Park,36.00924898,-121.517519,3,2009-08-12,,,,0.1282,10.87,,,5.5,,POINT (-121.517519 36.00924898),5735,CHALK,2008-09-27,16265.7705,319.0
11730,308LIM,Limekiln Creek @ Limekiln State Park,36.00924898,-121.517519,3,2009-09-16,,,,0.26,9.64,,,1.2,8.35,POINT (-121.517519 36.00924898),5735,CHALK,2008-09-27,16265.7705,354.0
19519,314SYP,Santa Ynez River at Paradise Road,34.54622898,-119.776256,3,2014-03-26,,,,,,0.096,,37.7,8.02,POINT (-119.776256 34.54622898),4315,WHITE,2013-05-27,1912.0497,303.0
19504,314SYP,Santa Ynez River at Paradise Road,34.54622898,-119.776256,3,2014-04-23,,,,,11.33,0.023,,2.3,8.37,POINT (-119.776256 34.54622898),4315,WHITE,2013-05-27,1912.0497,331.0
21491,315JAL,Jalama Creek at County Park at RR trussels,34.51217198,-120.498226,3,2005-01-05,,,,0.741,10.71,0.2,,15.0,8.0,POINT (-120.498226 34.51217198),7194,JALAMA,2004-07-19,333.0409,170.0
21314,315JAL,Jalama Creek at County Park at RR trussels,34.51217198,-120.498226,3,2004-10-07,,,,0.4,8.36,0.16,,23.3,,POINT (-120.498226 34.51217198),7194,JALAMA,2004-07-19,333.0409,80.0
21434,315JAL,Jalama Creek at County Park at RR trussels,34.51217198,-120.498226,3,2004-11-04,,,,0.3,9.41,0.16,,1.2,,POINT (-120.498226 34.51217198),7194,JALAMA,2004-07-19,333.0409,108.0
21441,315JAL,Jalama Creek at County Park at RR trussels,34.51217198,-120.498226,3,2004-12-08,,,,0.53,9.78,0.17,,1.6,7.88,POINT (-120.498226 34.51217198),7194,JALAMA,2004-07-19,333.0409,142.0
21339,315JAL,Jalama Creek at County Park at RR trussels,34.51217198,-120.498226,3,2005-02-03,,,,0.565,12.41,0.17,,1.8,8.15,POINT (-120.498226 34.51217198),7194,JALAMA,2004-07-19,333.0409,199.0
21294,315JAL,Jalama Creek at County Park at RR trussels,34.51217198,-120.498226,3,2005-03-02,,,,1.07,10.12,0.57,,39.0,,POINT (-120.498226 34.51217198),7194,JALAMA,2004-07-19,333.0409,226.0
21370,315JAL,Jalama Creek at County Park at RR trussels,34.51217198,-120.498226,3,2005-03-29,,,,0.76,10.24,0.21,,8.6,8.29,POINT (-120.498226 34.51217198),7194,JALAMA,2004-07-19,333.0409,253.0
21295,315JAL,Jalama Creek at County Park at RR trussels,34.51217198,-120.498226,3,2005-04-27,,,,0.59,,0.083,,0.48,8.27,POINT (-120.498226 34.51217198),7194,JALAMA,2004-07-19,333.0409,282.0
21372,315JAL,Jalama Creek at County Park at RR trussels,34.51217198,-120.498226,3,2005-05-25,,,,0.543,11.07,0.086,,0.64,8.16,POINT (-120.498226 34.51217198),7194,JALAMA,2004-07-19,333.0409,310.0
21296,315JAL,Jalama Creek at County Park at RR trussels,34.51217198,-120.498226,3,2005-06-22,,,,0.54,14.21,0.12,,0.5,8.34,POINT (-120.498226 34.51217198),7194,JALAMA,2004-07-19,333.0409,338.0
21423,315JAL,Jalama Creek at County Park at RR trussels,34.51217198,-120.498226,3,2004-08-10,,,,,8.28,,,,7.94,POINT (-120.498226 34.51217198),7194,JALAMA,2004-07-19,333.0409,22.0
21424,315JAL,Jalama Creek at County Park at RR trussels,34.51217198,-120.498226,3,2004-08-11,,,,,7.39,,,,7.9,POINT (-120.498226 34.51217198),7194,JALAMA,2004-07-19,333.0409,23.0
22596,402SNPMCR,Matilija Creek ~0.2mi below Lime Cyn. Cr.,34.50465551,-119.3741874,4,2018-05-08,,,,,8.89,,,2.49,8.4,POINT (-119.3741874 34.50465551),2770,THOMAS,2017-12-04,281790.88,155.0
22655,403STC027,Random Site 27 - Bouquet Canyon - Forest Service Rd 5N44,34.54639,-118.43389,4,2003-02-24,,,,,,,,1.2,8.17,POINT (-118.43389 34.54639),7751,BOUQUET,2002-05-11,4285.11,289.0
22658,403STC030,Random Site 30 - Piedra Blanca Creek,34.57,-119.15556,4,2003-02-18,,,,,,,,2.5,,POINT (-119.15556 34.57),7741,WOLF,2002-06-01,21641.139,262.0
22664,403STC066,Random Site 66 - Piedra Blanca Creek,34.585,-119.16472,4,2003-02-18,,,,,,,,2.3,7.11,POINT (-119.16472 34.585),7741,WOLF,2002-06-01,21641.139,262.0
22667,403STC070,Random Site 70 - Sespe Creek,34.56667,-119.26278,4,2003-02-19,,,,,,,,55.0,7.15,POINT (-119.26278 34.56667),7741,WOLF,2002-06-01,21641.139,263.0
22824,404SMB010,Encinal Canyon Creek Lower,34.03934,-118.86875,4,2003-03-24,,,,,,0.0868,,,,POINT (-118.86875 34.03934),7465,PACIFIC,2003-01-06,805.63464,77.0
22822,404SMB010,Encinal Canyon Creek Lower,34.03934,-118.86875,4,2003-03-04,,,,,,0.066,,1.2,7.88,POINT (-118.86875 34.03934),7465,PACIFIC,2003-01-06,805.63464,57.0
23722,505LBCAMR,Ladybug Creek ~0.2mi above McCloud River,41.09204922,-122.1126819,5,2013-08-07,,,,0.11,9.0,0.019,,0.08,8.5,POINT (-122.1126819 41.09204922),4589,BAGLEY,2012-08-18,46040.15,354.0
24747,509TEH402,Mill Creek near Mineral,40.36222,-121.504444,5,2021-11-03,,,,,9.87,,,4.27,7.47,POINT (-121.504444 40.36222),1144,DIXIE,2021-07-14,963405.44,112.0
24750,509TEH402,Mill Creek near Mineral,40.36222,-121.504444,5,2022-02-02,,,,,11.51,,,,,POINT (-121.504444 40.36222),1144,DIXIE,2021-07-14,963405.44,203.0
24739,509TEH402,Mill Creek near Mineral,40.36222,-121.504444,5,2022-05-04,,,,,9.17,,,6.2,,POINT (-121.504444 40.36222),1144,DIXIE,2021-07-14,963405.44,294.0
25016,513CCNASC,"Cache Creek, NF ~0.4mi above Spanish Cr.",39.165446,-122.619986,5,2018-10-29,,,,6.66,8.42,0.463,,0.25,8.7,POINT (-122.619986 39.165446),2354,RANCH,2018-07-27,410202.47,94.0
25056,513PS0984,"Cache Creek, NF ~1.2mi below Spanish Cr.",39.16048202,-122.6010624,5,2019-06-26,,,,0.24,8.58,0.199,,1.99,8.3,POINT (-122.6010624 39.16048202),2354,RANCH,2018-07-27,410202.47,334.0
25067,513STCAIV,Stanton Creek ~1.4mi above Indian Valley Res.,39.1846,-122.5356,5,2018-10-26,,,,0.33,9.63,0.049,,0.06,8.9,POINT (-122.5356 39.1846),2354,RANCH,2018-07-27,410202.47,91.0
25076,513UNCAKC,Unnamed Creek,39.16692,-122.50673,5,2018-10-25,,,,0.24,8.54,0.257,,0.1,,POINT (-122.50673 39.16692),2354,RANCH,2018-07-27,410202.47,90.0
25845,514SFA222,Silver Fork American River at Silver Fork Rd.,38.69487,-120.20136,5,2021-10-21,,,,,,,,5.04,9.4,POINT (-120.20136 38.69487),1146,CALDOR,2021-08-15,221786.39,67.0
25846,514SFA222,Silver Fork American River at Silver Fork Rd.,38.69487,-120.20136,5,2021-08-17,,,,,8.03,0.04,,2.09,8.3,POINT (-120.20136 38.69487),1146,CALDOR,2021-08-15,221786.39,2.0
27198,518CCCACN,Concow Creek above Camelot Ln.,39.78608,-121.51056,5,2019-07-29,,,,0.198,,0.436,,1.51,,POINT (-121.51056 39.78608),2356,CAMP,2018-11-08,153335.56,263.0
27216,518CPCRCR,Chips Creek,40.0055,-121.271,5,2022-07-12,,,,,8.33,0.02,,1.0,8.0,POINT (-121.271 40.0055),1144,DIXIE,2021-07-14,963405.44,363.0
27212,518CPCRCR,Chips Creek,40.0055,-121.271,5,2021-07-15,,,,,7.3,0.02,,0.46,8.14,POINT (-121.271 40.0055),1144,DIXIE,2021-07-14,963405.44,1.0
27213,518CPCRCR,Chips Creek,40.0055,-121.271,5,2008-08-14,,,,,,0.0219,,0.88,7.6,POINT (-121.271 40.0055),5718,BTU LIGHTNING COMPLEX,2008-07-02,53699.332,43.0
27219,518FC1350,Clear Creek below Seneka Rd.,40.11089,-121.1254,5,2022-06-21,,,,,8.14,,,0.8,8.2,POINT (-121.1254 40.11089),1144,DIXIE,2021-07-14,963405.44,342.0
27282,518MCGRRx,Martin Creek at Galen Ridge Road.,39.6543,-121.39373,5,2021-07-12,,,,,6.53,0.07,,2.34,7.64,POINT (-121.39373 39.6543),1535,NORTH COMPLEX,2020-08-17,318797.25,329.0
27296,518PS0017,South Branch Middle Fork Feather River,39.70612,-121.20361,5,2008-08-19,,,,,,0.0219,,0.49,,POINT (-121.20361 39.70612),5749,SOUTH-FREY,2008-06-21,12401.953,59.0
27308,518PS0093,Little Grizzly Creek ~2.1mi below Oliver Cr.,39.9982,-120.7378,5,2022-06-28,,,,,10.5,,,0.47,8.3,POINT (-120.7378 39.9982),1144,DIXIE,2021-07-14,963405.44,349.0
27325,518RCAJNC,Rock Creek ~5.7mi above Jennie Creek,40.3887,-121.1574,5,2021-07-26,,,,,7.71,0.04,,0.14,8.21,POINT (-121.1574 40.3887),1144,DIXIE,2021-07-14,963405.44,12.0
27315,518RCAJNC,Rock Creek ~5.7mi above Jennie Creek,40.3887,-121.1574,5,2022-07-06,,,,,10.38,0.04,,0.27,8.0,POINT (-121.1574 40.3887),1144,DIXIE,2021-07-14,963405.44,357.0
27330,518RCNAPC,"Rice Creek, North Arm",40.4002,-121.439,5,2022-07-13,,,,,11.33,0.04,,0.58,8.1,POINT (-121.439 40.4002),1144,DIXIE,2021-07-14,963405.44,364.0
27339,518RCNAPC,"Rice Creek, North Arm",40.4002,-121.439,5,2021-07-19,,,,,,0.07,,0.35,8.17,POINT (-121.439 40.4002),1144,DIXIE,2021-07-14,963405.44,5.0
27408,518YLCAFR,Yellow Creek ~0.4mi above NF Feather River,40.012071,-121.2475051,5,2021-09-07,,,,,,0.03,,1.4,8.8,POINT (-121.2475051 40.012071),1144,DIXIE,2021-07-14,963405.44,55.0
31889,520BCBHRB,Butte Creek below Honey Run Bridge,39.72749,-121.70464,5,2019-08-14,,,,0.389,,0.19,,0.31,,POINT (-121.70464 39.72749),2356,CAMP,2018-11-08,153335.56,279.0
31894,520BUT201,Butte Creek at USGS Gage near Chico (BCGGE),39.72555,-121.70882,5,2019-01-17,,,,,11.51,,,25.2,,POINT (-121.70882 39.72555),2356,CAMP,2018-11-08,153335.56,70.0
31899,520BUT201,Butte Creek at USGS Gage near Chico (BCGGE),39.72555,-121.70882,5,2019-01-09,,,,,11.34,,,32.4,,POINT (-121.70882 39.72555),2356,CAMP,2018-11-08,153335.56,62.0
31898,520BUT201,Butte Creek at USGS Gage near Chico (BCGGE),39.72555,-121.70882,5,2019-02-26,,,,,11.65,,,348.0,,POINT (-121.70882 39.72555),2356,CAMP,2018-11-08,153335.56,110.0
31900,520BUT201,Butte Creek at USGS Gage near Chico (BCGGE),39.72555,-121.70882,5,2019-03-27,,,,,11.37,,,4.75,,POINT (-121.70882 39.72555),2356,CAMP,2018-11-08,153335.56,139.0
31893,520BUT201,Butte Creek at USGS Gage near Chico (BCGGE),39.72555,-121.70882,5,2019-05-15,,,,,10.84,,,1.26,,POINT (-121.70882 39.72555),2356,CAMP,2018-11-08,153335.56,188.0
31921,520BUT900,Butte Creek at Honey Run Bridge,39.728416,-121.703799,5,2008-08-31,,,,,,,,,8.5,POINT (-121.703799 39.728416),5733,HUMBOLDT,2008-06-11,23344.334,81.0
32502,521BUT203,Little Butte Creek at Butte Island Bridge,39.73356,-121.69639,5,2019-01-17,,,,,10.78,,,11.0,,POINT (-121.69639 39.73356),2356,CAMP,2018-11-08,153335.56,70.0
32507,521BUT203,Little Butte Creek at Butte Island Bridge,39.73356,-121.69639,5,2019-01-09,,,,,11.22,,,75.7,,POINT (-121.69639 39.73356),2356,CAMP,2018-11-08,153335.56,62.0
32506,521BUT203,Little Butte Creek at Butte Island Bridge,39.73356,-121.69639,5,2019-02-26,,,,,11.42,,,970.0,,POINT (-121.69639 39.73356),2356,CAMP,2018-11-08,153335.56,110.0
32508,521BUT203,Little Butte Creek at Butte Island Bridge,39.73356,-121.69639,5,2019-03-27,,,,,10.82,,,8.97,,POINT (-121.69639 39.73356),2356,CAMP,2018-11-08,153335.56,139.0
32500,521BUT203,Little Butte Creek at Butte Island Bridge,39.73356,-121.69639,5,2019-05-15,,,,,,,,1.25,,POINT (-121.69639 39.73356),2356,CAMP,2018-11-08,153335.56,188.0
32501,521BUT203,Little Butte Creek at Butte Island Bridge,39.73356,-121.69639,5,2019-06-06,,,,0.39,8.82,0.44,,1.12,8.2,POINT (-121.69639 39.73356),2356,CAMP,2018-11-08,153335.56,210.0
32513,521BUT204,Hamlin Creek at Paradise,39.74329,-121.62914,5,2019-01-17,,,,,10.48,0.029,0.951,13.4,,POINT (-121.62914 39.74329),2356,CAMP,2018-11-08,153335.56,70.0
32518,521BUT204,Hamlin Creek at Paradise,39.74329,-121.62914,5,2019-01-09,,,,,,0.06,1.81,17.7,,POINT (-121.62914 39.74329),2356,CAMP,2018-11-08,153335.56,62.0
32521,521BUT204,Hamlin Creek at Paradise,39.74329,-121.62914,5,2018-12-17,,,,,,,1.82,23.5,7.22,POINT (-121.62914 39.74329),2356,CAMP,2018-11-08,153335.56,39.0
32517,521BUT204,Hamlin Creek at Paradise,39.74329,-121.62914,5,2019-02-26,,,,,11.0,0.445,2.76,194.0,,POINT (-121.62914 39.74329),2356,CAMP,2018-11-08,153335.56,110.0
32519,521BUT204,Hamlin Creek at Paradise,39.74329,-121.62914,5,2019-03-27,,,,,10.36,,,20.2,,POINT (-121.62914 39.74329),2356,CAMP,2018-11-08,153335.56,139.0
32512,521BUT204,Hamlin Creek at Paradise,39.74329,-121.62914,5,2019-05-15,,,,,,0.192,0.344,11.7,,POINT (-121.62914 39.74329),2356,CAMP,2018-11-08,153335.56,188.0
32511,521BUT204,Hamlin Creek at Paradise,39.74329,-121.62914,5,2019-06-05,,,,0.81,8.54,0.264,,2.83,,POINT (-121.62914 39.74329),2356,CAMP,2018-11-08,153335.56,209.0
32527,521BUT205,Clear Creek at Paradise,39.75238,-121.60515,5,2019-01-17,,,,,,,1.19,18.1,,POINT (-121.60515 39.75238),2356,CAMP,2018-11-08,153335.56,70.0
32532,521BUT205,Clear Creek at Paradise,39.75238,-121.60515,5,2019-01-09,,,,,10.61,0.04,,10.7,,POINT (-121.60515 39.75238),2356,CAMP,2018-11-08,153335.56,62.0
32536,521BUT205,Clear Creek at Paradise,39.75238,-121.60515,5,2018-12-17,,,,,10.31,0.047,2.13,9.77,,POINT (-121.60515 39.75238),2356,CAMP,2018-11-08,153335.56,39.0
32531,521BUT205,Clear Creek at Paradise,39.75238,-121.60515,5,2019-02-26,,,,,11.09,0.387,1.9,150.0,,POINT (-121.60515 39.75238),2356,CAMP,2018-11-08,153335.56,110.0
32533,521BUT205,Clear Creek at Paradise,39.75238,-121.60515,5,2019-03-27,,,,,10.59,,,66.7,,POINT (-121.60515 39.75238),2356,CAMP,2018-11-08,153335.56,139.0
32525,521BUT205,Clear Creek at Paradise,39.75238,-121.60515,5,2019-05-15,,,,0.77,9.68,0.183,2.38,36.3,,POINT (-121.60515 39.75238),2356,CAMP,2018-11-08,153335.56,188.0
32526,521BUT205,Clear Creek at Paradise,39.75238,-121.60515,5,2019-05-30,,,,0.66,,0.21,,2.3,7.3,POINT (-121.60515 39.75238),2356,CAMP,2018-11-08,153335.56,203.0
32541,521BUT206,Dry Creek at Paradise,39.75227,-121.57667,5,2019-01-17,,,,,10.55,0.06,0.772,24.8,,POINT (-121.57667 39.75227),2356,CAMP,2018-11-08,153335.56,70.0
32546,521BUT206,Dry Creek at Paradise,39.75227,-121.57667,5,2019-01-09,,,,,10.58,0.049,1.41,23.3,,POINT (-121.57667 39.75227),2356,CAMP,2018-11-08,153335.56,62.0
32550,521BUT206,Dry Creek at Paradise,39.75227,-121.57667,5,2018-12-17,,,,,10.56,0.04,,20.3,7.3,POINT (-121.57667 39.75227),2356,CAMP,2018-11-08,153335.56,39.0
32545,521BUT206,Dry Creek at Paradise,39.75227,-121.57667,5,2019-02-26,,,,,,0.61,2.09,360.0,,POINT (-121.57667 39.75227),2356,CAMP,2018-11-08,153335.56,110.0
32547,521BUT206,Dry Creek at Paradise,39.75227,-121.57667,5,2019-03-27,,,,,10.39,,,22.9,,POINT (-121.57667 39.75227),2356,CAMP,2018-11-08,153335.56,139.0
32539,521BUT206,Dry Creek at Paradise,39.75227,-121.57667,5,2019-05-15,,,,0.65,,0.206,0.232,3.87,,POINT (-121.57667 39.75227),2356,CAMP,2018-11-08,153335.56,188.0
32540,521BUT206,Dry Creek at Paradise,39.75227,-121.57667,5,2019-05-29,,,,0.57,9.17,0.351,,1.87,6.9,POINT (-121.57667 39.75227),2356,CAMP,2018-11-08,153335.56,202.0
32563,521LDCABR,Little Dry Creek above Bushman Rd.,39.748976,-121.61478,5,2019-06-13,,,,0.63,8.5,0.286,,1.8,7.93,POINT (-121.61478 39.748976),2356,CAMP,2018-11-08,153335.56,217.0
32580,522PS0504,Sullivan Creek ~0.8mi below Little Sullivan Cr.,39.28087961,-122.6249027,5,2013-06-11,,,,0.0488,3.81,0.0248,,1.5,7.3,POINT (-122.6249027 39.28087961),4591,MILL,2012-07-07,29525.451,339.0
33843,526PS2136,Turner Creek ~2.2mi above Washington Cr.,41.4577526,-121.0465591,5,2019-08-13,,,,0.386,7.19,0.61,,1.02,7.45,POINT (-121.0465591 41.4577526),2363,STONE,2018-08-15,39584.285,363.0
35982,532ELD011,Grizzly Creek at Parkside Drive,38.63734,-120.51978,5,2021-11-09,,,,,9.99,,,35.9,7.19,POINT (-120.51978 38.63734),1146,CALDOR,2021-08-15,221786.39,86.0
35981,532ELD011,Grizzly Creek at Parkside Drive,38.63734,-120.51978,5,2021-12-14,,,,,,,,30.2,7.85,POINT (-120.51978 38.63734),1146,CALDOR,2021-08-15,221786.39,121.0
35980,532ELD011,Grizzly Creek at Parkside Drive,38.63734,-120.51978,5,2022-03-15,,,,,,0.38,,,,POINT (-120.51978 38.63734),1146,CALDOR,2021-08-15,221786.39,212.0
35985,532ELD012,Grizzly Creek at Leoni Road,38.63409,-120.52445,5,2021-11-09,,,,,8.21,,,13.2,,POINT (-120.52445 38.63409),1146,CALDOR,2021-08-15,221786.39,86.0
35984,532ELD012,Grizzly Creek at Leoni Road,38.63409,-120.52445,5,2021-12-14,,,,,9.91,,,76.0,7.41,POINT (-120.52445 38.63409),1146,CALDOR,2021-08-15,221786.39,121.0
35983,532ELD012,Grizzly Creek at Leoni Road,38.63409,-120.52445,5,2022-03-15,,,,,,0.06,,,,POINT (-120.52445 38.63409),1146,CALDOR,2021-08-15,221786.39,212.0
35987,532ELD013,"Cosumnes River, Steely Fork at Leoni Road",38.63158,-120.5093,5,2021-11-09,,,,,10.57,,,299.0,7.0,POINT (-120.5093 38.63158),1146,CALDOR,2021-08-15,221786.39,86.0
35986,532ELD013,"Cosumnes River, Steely Fork at Leoni Road",38.63158,-120.5093,5,2022-03-15,,,,,,0.1,,,,POINT (-120.5093 38.63158),1146,CALDOR,2021-08-15,221786.39,212.0
36029,532SPC282,Sly Park Creek ~1.5mi below Park Creek Rd.,38.7349,-120.5041,5,2022-05-26,,,,,8.77,,,1.16,7.8,POINT (-120.5041 38.7349),1146,CALDOR,2021-08-15,221786.39,284.0
36974,535STC201,Stanislaus River @ Knight's Ferry,37.82222222,-120.6597222,5,2012-01-10,,,,,13.36,,,0.71,6.88,POINT (-120.6597222 37.82222222),5079,BRIDGE,2011-08-14,77.208336,149.0
38319,536TUO302,Tuolumne River at Meryls Pool,37.83683,-120.05379,5,2014-04-29,,,,,10.93,,,5.88,7.26,POINT (-120.05379 37.83683),4290,RIM,2013-08-17,256175.53,255.0
38323,536TUO302,Tuolumne River at Meryls Pool,37.83683,-120.05379,5,2014-05-21,,,,,10.86,,,4.17,7.09,POINT (-120.05379 37.83683),4290,RIM,2013-08-17,256175.53,277.0
38318,536TUO302,Tuolumne River at Meryls Pool,37.83683,-120.05379,5,2014-06-17,,,,,,,,2.66,7.19,POINT (-120.05379 37.83683),4290,RIM,2013-08-17,256175.53,304.0
38315,536TUO302,Tuolumne River at Meryls Pool,37.83683,-120.05379,5,2014-07-16,,,,,8.5,,,1.42,7.45,POINT (-120.05379 37.83683),4290,RIM,2013-08-17,256175.53,333.0
38329,536TUO900,Rainbow Pools - SF Tuolumne River,37.82145,-120.0129833,5,2014-04-29,,,,,,,,4.4,7.39,POINT (-120.0129833 37.82145),4290,RIM,2013-08-17,256175.53,255.0
38332,536TUO900,Rainbow Pools - SF Tuolumne River,37.82145,-120.0129833,5,2014-05-21,,,,,,,,2.22,,POINT (-120.0129833 37.82145),4290,RIM,2013-08-17,256175.53,277.0
38328,536TUO900,Rainbow Pools - SF Tuolumne River,37.82145,-120.0129833,5,2014-06-17,,,,,8.98,,,2.0,7.56,POINT (-120.0129833 37.82145),4290,RIM,2013-08-17,256175.53,304.0
38324,536TUO900,Rainbow Pools - SF Tuolumne River,37.82145,-120.0129833,5,2014-07-16,,,,,,,,2.41,7.79,POINT (-120.0129833 37.82145),4290,RIM,2013-08-17,256175.53,333.0
46666,552MFCAKR,Mill Flat Creek,36.8529,-119.09738,5,2016-06-23,,,,0.279,9.36,0.0983,,7.49,8.31,POINT (-119.09738 36.8529),3740,ROUGH,2015-07-31,151546.81,328.0
46932,553WER225,Squaw Creek Above Kaweah River SF,36.35111111,-118.7505556,5,2025-07-15,,,,0.72,9.5,,,1.14,,POINT (-118.7505556 36.35111111),19,COFFEE POT,2024-08-03,14103.918,346.0
47074,554KER040,Keyesville Rec Area,35.639,-118.4846,5,2002-12-11,,,,,8.35,0.36,,,7.8,POINT (-118.4846 35.639),7752,BOREL,2002-06-15,3417.8994,179.0
47076,554KER040,Keyesville Rec Area,35.639,-118.4846,5,2003-03-04,,,,,11.01,0.26,,,,POINT (-118.4846 35.639),7752,BOREL,2002-06-15,3417.8994,262.0
47062,554KER040,Keyesville Rec Area,35.639,-118.4846,5,2002-06-19,,,,,8.87,,,,8.5,POINT (-118.4846 35.639),7752,BOREL,2002-06-15,3417.8994,4.0
47080,554KER040,Keyesville Rec Area,35.639,-118.4846,5,2002-09-17,,,,,,0.066,,,8.1,POINT (-118.4846 35.639),7752,BOREL,2002-06-15,3417.8994,94.0
47161,554PS0160,Kelso Creek,35.46624,-118.3258,5,2008-08-05,,,,,3.34,0.375,,4.27,7.75,POINT (-118.3258 35.46624),5721,PIUTE,2008-06-28,37346.246,38.0
48291,628CRB001,"Crab Cr, at Crab Flats Rd",34.25885,-117.08406,6,2008-04-24,,,,,9.7,0.045,,0.13,7.8,POINT (-117.08406 34.25885),6167,SLIDE,2007-10-22,12769.248,185.0
48300,628CRB001,"Crab Cr, at Crab Flats Rd",34.25885,-117.08406,6,2008-06-02,,,,,7.6,0.035,,0.17,,POINT (-117.08406 34.25885),6167,SLIDE,2007-10-22,12769.248,224.0
48603,628SHP001,"Sheep Cr, below Scout Camp",34.25364,-117.12391,6,2004-01-21,,,,,,0.072,,,7.2,POINT (-117.12391 34.25364),7398,OLD,2003-10-25,91428.0,88.0
48601,628SHP001,"Sheep Cr, below Scout Camp",34.25364,-117.12391,6,2004-04-21,,,,,8.3,0.04,,,,POINT (-117.12391 34.25364),7398,OLD,2003-10-25,91428.0,179.0
49010,631MIL001,"Mill Cr, central",38.476,-119.48767,6,2002-07-19,,,,,7.5,0.136,,3.2,8.2,POINT (-119.48767 38.476),7740,CANNON,2002-06-15,26684.135,34.0
49149,631WWK001,"West Walker River, at Coleville",38.51337,-119.4488,6,2003-01-07,,,,,,,,2.5,8.2,POINT (-119.4488 38.51337),7740,CANNON,2002-06-15,26684.135,206.0
49090,631WWK001,"West Walker River, at Coleville",38.51337,-119.4488,6,2003-05-12,,,,,,,,8.2,7.7,POINT (-119.4488 38.51337),7740,CANNON,2002-06-15,26684.135,331.0
49063,631WWK001,"West Walker River, at Coleville",38.51337,-119.4488,6,2021-06-02,,,,,,0.07,,,,POINT (-119.4488 38.51337),1558,MOUNTAIN VIEW,2020-11-17,20374.564,197.0
49086,631WWK001,"West Walker River, at Coleville",38.51337,-119.4488,6,2002-08-21,,,,,,,,2.0,8.3,POINT (-119.4488 38.51337),7740,CANNON,2002-06-15,26684.135,67.0
49064,631WWK001,"West Walker River, at Coleville",38.51337,-119.4488,6,2021-09-20,,,,,8.4,0.24,,0.825,,POINT (-119.4488 38.51337),1558,MOUNTAIN VIEW,2020-11-17,20374.564,307.0
49449,632ECR005,"East Fork Carson, at USGS gage blw Markleeville",38.71542,-119.7644,6,2022-01-13,,,,0.2,12.2,0.03,,1.89,,POINT (-119.7644 38.71542),1154,TAMARACK,2021-07-04,67054.51,193.0
49429,632ECR005,"East Fork Carson, at USGS gage blw Markleeville",38.71542,-119.7644,6,2021-11-17,,,,,,0.04,,1.62,7.6,POINT (-119.7644 38.71542),1154,TAMARACK,2021-07-04,67054.51,136.0
49351,632ECR005,"East Fork Carson, at USGS gage blw Markleeville",38.71542,-119.7644,6,2021-09-16,,,,,,0.05,,1.87,7.9,POINT (-119.7644 38.71542),1154,TAMARACK,2021-07-04,67054.51,74.0
49504,632ECRB10,"East Fork Carson River, above Hangman's bridge",38.68959,-119.76394,6,2022-01-13,,,,,,0.03,,2.21,,POINT (-119.76394 38.68959),1154,TAMARACK,2021-07-04,67054.51,193.0
49507,632ECRB10,"East Fork Carson River, above Hangman's bridge",38.68959,-119.76394,6,2021-10-26,,,,,10.4,,,22.1,7.7,POINT (-119.76394 38.68959),1154,TAMARACK,2021-07-04,67054.51,114.0
49508,632ECRB10,"East Fork Carson River, above Hangman's bridge",38.68959,-119.76394,6,2021-11-22,,,,,11.8,0.06,,1.47,7.19,POINT (-119.76394 38.68959),1154,TAMARACK,2021-07-04,67054.51,141.0
49509,632ECRB10,"East Fork Carson River, above Hangman's bridge",38.68959,-119.76394,6,2022-02-28,,,,,11.4,0.05,,1.67,7.5,POINT (-119.76394 38.68959),1154,TAMARACK,2021-07-04,67054.51,239.0
49502,632ECRB10,"East Fork Carson River, above Hangman's bridge",38.68959,-119.76394,6,2022-03-21,,,,,,0.03,,3.11,7.7,POINT (-119.76394 38.68959),1154,TAMARACK,2021-07-04,67054.51,260.0
49503,632ECRB10,"East Fork Carson River, above Hangman's bridge",38.68959,-119.76394,6,2022-04-07,,,,,10.3,0.05,,6.27,,POINT (-119.76394 38.68959),1154,TAMARACK,2021-07-04,67054.51,277.0
49500,632ECRB10,"East Fork Carson River, above Hangman's bridge",38.68959,-119.76394,6,2022-06-09,,,,,9.3,,,4.21,7.7,POINT (-119.76394 38.68959),1154,TAMARACK,2021-07-04,67054.51,340.0
49494,632ECRB10,"East Fork Carson River, above Hangman's bridge",38.68959,-119.76394,6,2021-08-02,,,,,7.5,,,110.0,,POINT (-119.76394 38.68959),1154,TAMARACK,2021-07-04,67054.51,29.0
49497,632ECRB10,"East Fork Carson River, above Hangman's bridge",38.68959,-119.76394,6,2021-09-22,,,,,9.1,0.05,,,8.3,POINT (-119.76394 38.68959),1154,TAMARACK,2021-07-04,67054.51,80.0
50833,637CE0511,Pine Creek above Westwood Logging Road,40.56638889,-121.1097222,6,2022-07-14,,,,,,0.02,,0.35,7.4,POINT (-121.1097222 40.56638889),1144,DIXIE,2021-07-14,963405.44,365.0
50921,637PS0018,Willard Creek,40.36057,-120.80557,6,2022-07-14,,,,,11.02,0.09,,31.9,,POINT (-120.80557 40.36057),1144,DIXIE,2021-07-14,963405.44,365.0
51123,639PS1279,Smoke Creek ~4mi above Sage Hen Spring,40.73356152,-120.1174334,6,2013-06-11,,,,0.69,7.6,0.0545,,4.69,8.7,POINT (-120.1174334 40.73356152),4586,RUSH,2012-08-12,315511.5,303.0
52493,801LL0001,Lost Lake Depressional Wetland Site 0001,34.272969,-117.465228,8,2017-06-25,,0.23,31.1,,7.28,0.033,,,8.33,POINT (-117.465228 34.272969),3383,BLUE CUT,2016-08-16,36266.695,313.0
53270,902RCWGRx,Rainbow Creek upstream of Willow Glen Road,33.40725,-117.19969,9,2008-04-15,,,,,8.54,,,,9.04,POINT (-117.19969 33.40725),6170,RICE,2007-10-07,9471.854,191.0
53305,902SMSND3,Sandia Creek 3,33.41521,-117.24661,9,2003-01-15,,,,,,,,1.92,6.14,POINT (-117.24661 33.41521),7748,GAVILAN,2002-02-10,5663.1167,339.0
53346,903FCPSPx,French Creek (FCPSP),33.35017,-116.91278,9,2008-04-17,,,,,7.65,,,,,POINT (-116.91278 33.35017),6159,POOMACHA,2007-10-23,49410.97,177.0
53597,905BMCCGx,Black Mountain Creek Upstream of Santa Ysabel Creek,33.12706,-116.80361,9,2008-04-19,,,,,9.25,,,,8.32,POINT (-116.80361 33.12706),6155,WITCH,2007-10-21,162070.47,181.0
53603,905KCCSDx,Kit Carson Creek Sunset Drive crossing,33.06756,-117.06606,9,2008-04-14,,,,,4.33,,,,7.65,POINT (-117.06606 33.06756),6155,WITCH,2007-10-21,162070.47,176.0
53608,905PS0026,Santa Ysabel Creek,33.10745,-116.86328,9,2008-05-13,,,,,7.9,0.0924,,7.06,8.2,POINT (-116.86328 33.10745),6155,WITCH,2007-10-21,162070.47,205.0
53619,905SDGVC2,Green Valley Creek 2,33.04335,-117.07563,9,2008-04-14,,,,,0.0,,,,7.95,POINT (-117.07563 33.04335),6155,WITCH,2007-10-21,162070.47,176.0
53647,905SDYSA7,Santa Ysabel Creek 7,33.08603,-116.91668,9,2008-05-06,,,,,8.7,,,,,POINT (-116.91668 33.08603),6155,WITCH,2007-10-21,162070.47,198.0
53723,907CCCR02,Cedar Creek 2,33.00222,-116.70889,9,2008-05-06,,,,,,0.0222,,,,POINT (-116.70889 33.00222),6155,WITCH,2007-10-21,162070.47,198.0
53724,907CCCR02,Cedar Creek 2,33.00222,-116.70889,9,2008-05-08,,,,,9.03,,,,8.8,POINT (-116.70889 33.00222),6155,WITCH,2007-10-21,162070.47,200.0
53783,907SDBOC2,Boulder Creek 2,32.96353,-116.66406,9,2004-05-19,,,,,8.38,0.358,,31.1,8.0,POINT (-116.66406 32.96353),7396,CEDAR,2003-10-25,270686.0,207.0
53792,907SDCHC3,Chocolate Creek 3,32.84722,-116.80694,9,2004-05-19,,,,,,0.101,,0.76,,POINT (-116.80694 32.84722),7396,CEDAR,2003-10-25,270686.0,207.0
53847,907SDSVC4,San Vicente Creek 4,32.99342,-116.84979,9,2004-05-19,,,,,11.19,0.0615,,7.4,8.44,POINT (-116.84979 32.99342),7396,CEDAR,2003-10-25,270686.0,207.0
53848,907SDSVC4,San Vicente Creek 4,32.99342,-116.84979,9,2004-09-13,,,,,,0.0631,,0.91,8.25,POINT (-116.84979 32.99342),7396,CEDAR,2003-10-25,270686.0,324.0
53966,910DZRA03,Dulzura Creek 3,32.65325,-116.79171,9,2008-05-05,,,,,,0.0767,,,,POINT (-116.79171 32.65325),6156,HARRIS 2,2007-10-21,90728.33,197.0
53965,910DZRA03,Dulzura Creek 3,32.65325,-116.79171,9,2008-05-06,,,,,7.85,,,,,POINT (-116.79171 32.65325),6156,HARRIS 2,2007-10-21,90728.33,198.0
54034,911NP9UCW,Cottonwood Creek ~1.4mi above I8,32.81829,-116.49235,9,2014-03-24,,,,0.209,,0.0238,,,10.5,POINT (-116.49235 32.81829),4106,GUN,2014-03-08,270.07477,16.0
54031,911NP9UCW,Cottonwood Creek ~1.4mi above I8,32.81829,-116.49235,9,2014-04-29,,,,0.313,,0.0311,,0.82,8.3,POINT (-116.49235 32.81829),4106,GUN,2014-03-08,270.07477,52.0
54100,911TJWIL3,Wilson Creek 3,32.69361,-116.69528,9,2008-05-05,,,,,,0.0603,,,,POINT (-116.69528 32.69361),6156,HARRIS 2,2007-10-21,90728.33,197.0
54098,911TJWIL3,Wilson Creek 3,32.69361,-116.69528,9,2008-05-06,,,,,,,,,8.21,POINT (-116.69528 32.69361),6156,HARRIS 2,2007-10-21,90728.33,198.0
54114,911TTJR01,Tijuana River 1,32.56556,-116.77167,9,2008-05-05,,,,,4.37,5.44,,,8.0,POINT (-116.77167 32.56556),6156,HARRIS 2,2007-10-21,90728.33,197.0
